fit_time,score_time,test_accuracy,train_accuracy,test_f1,train_f1,test_recall,train_recall,test_precision,train_precision
0.0023718357086181642,0.003905773162841797,0.964451754385965,0.9712356294341994,0.9488796249112316,0.9587878093130919,0.9518716577540107,0.9638528138528137,0.9461452762923352,0.9538453159041393
0.0027416229248046877,0.002145051956176758,0.9518421052631579,1.0,0.9304154374576908,1.0,0.9274509803921569,1.0,0.9349692874692874,1.0
0.003786659240722656,0.002109813690185547,0.9644078947368421,0.9665249545473186,0.9485013175230567,0.9516518569150149,0.9456327985739751,0.9488038277511961,0.9518167853651726,0.9545433674401131
